file size (MB),benchmarks,latency,iteration,src_host,host_inner,host_outer,time_cp_start,time_cp_end,end_time,copy_time,convergence_time,
41,convergence,15,1,econome-9.nantes.grid5000.fr,econome-6.nantes.grid5000.fr,,2021-01-24 18:15:07,2021-01-24 18:16:26,2021-01-24 18:16:28,79.170942,80.98358,
41,convergence,15,1,econome-9.nantes.grid5000.fr,econome-8.nantes.grid5000.fr,,2021-01-24 18:15:07,2021-01-24 18:16:26,2021-01-24 18:16:28,79.170942,80.79193,
41,convergence,15,1,econome-9.nantes.grid5000.fr,,troll-2.grenoble.grid5000.fr,2021-01-24 18:15:07,2021-01-24 18:16:26,2021-01-24 18:16:34,79.170942,86.998308,
41,convergence,15,1,econome-9.nantes.grid5000.fr,,troll-3.grenoble.grid5000.fr,2021-01-24 18:15:07,2021-01-24 18:16:26,2021-01-24 18:16:35,79.170942,88.127001,
41,convergence,15,1,econome-9.nantes.grid5000.fr,,troll-4.grenoble.grid5000.fr,2021-01-24 18:15:07,2021-01-24 18:16:26,2021-01-24 18:16:37,79.170942,89.283122,
41,convergence,15,2,troll-2.grenoble.grid5000.fr,troll-3.grenoble.grid5000.fr,,2021-01-24 18:24:19,2021-01-24 18:25:46,2021-01-24 18:25:46,87.16339,87.197747,
41,convergence,15,2,troll-2.grenoble.grid5000.fr,troll-4.grenoble.grid5000.fr,,2021-01-24 18:24:19,2021-01-24 18:25:46,2021-01-24 18:25:48,87.16339,89.260513,
41,convergence,15,2,troll-2.grenoble.grid5000.fr,,econome-6.nantes.grid5000.fr,2021-01-24 18:24:19,2021-01-24 18:25:46,2021-01-24 18:25:52,87.16339,92.908278,
41,convergence,15,2,troll-2.grenoble.grid5000.fr,,econome-8.nantes.grid5000.fr,2021-01-24 18:24:19,2021-01-24 18:25:46,2021-01-24 18:25:53,87.16339,93.941735,
41,convergence,15,2,troll-2.grenoble.grid5000.fr,,econome-9.nantes.grid5000.fr,2021-01-24 18:24:19,2021-01-24 18:25:46,2021-01-24 18:25:52,87.16339,92.966255,
41,convergence,15,3,econome-8.nantes.grid5000.fr,econome-6.nantes.grid5000.fr,,2021-01-24 18:17:12,2021-01-24 18:18:04,2021-01-24 18:18:06,52.505113,53.879285,
41,convergence,15,3,econome-8.nantes.grid5000.fr,econome-9.nantes.grid5000.fr,,2021-01-24 18:17:12,2021-01-24 18:18:04,2021-01-24 18:18:04,52.505113,52.52007,
41,convergence,15,3,econome-8.nantes.grid5000.fr,,troll-2.grenoble.grid5000.fr,2021-01-24 18:17:12,2021-01-24 18:18:04,2021-01-24 18:18:45,52.505113,93.008091,
41,convergence,15,3,econome-8.nantes.grid5000.fr,,troll-3.grenoble.grid5000.fr,2021-01-24 18:17:12,2021-01-24 18:18:04,2021-01-24 18:18:44,52.505113,92.79038,
41,convergence,15,3,econome-8.nantes.grid5000.fr,,troll-4.grenoble.grid5000.fr,2021-01-24 18:17:12,2021-01-24 18:18:04,2021-01-24 18:18:44,52.505113,91.837919,
41,convergence,15,4,troll-4.grenoble.grid5000.fr,troll-2.grenoble.grid5000.fr,,2021-01-24 18:26:39,2021-01-24 18:27:17,2021-01-24 18:27:17,37.88968,37.899406,
41,convergence,15,4,troll-4.grenoble.grid5000.fr,troll-3.grenoble.grid5000.fr,,2021-01-24 18:26:39,2021-01-24 18:27:17,2021-01-24 18:27:18,37.88968,38.851366,
41,convergence,15,4,troll-4.grenoble.grid5000.fr,,econome-6.nantes.grid5000.fr,2021-01-24 18:26:39,2021-01-24 18:27:17,2021-01-24 18:28:28,37.88968,108.485912,
41,convergence,15,4,troll-4.grenoble.grid5000.fr,,econome-8.nantes.grid5000.fr,2021-01-24 18:26:39,2021-01-24 18:27:17,2021-01-24 18:28:25,37.88968,105.827743,
41,convergence,15,4,troll-4.grenoble.grid5000.fr,,econome-9.nantes.grid5000.fr,2021-01-24 18:26:39,2021-01-24 18:27:17,2021-01-24 18:28:27,37.88968,107.144711,
41,convergence,15,5,econome-6.nantes.grid5000.fr,econome-8.nantes.grid5000.fr,,2021-01-24 18:21:05,2021-01-24 18:23:08,2021-01-24 18:23:10,123.372221,125.621362,
41,convergence,15,5,econome-6.nantes.grid5000.fr,econome-9.nantes.grid5000.fr,,2021-01-24 18:21:05,2021-01-24 18:23:08,2021-01-24 18:23:11,123.372221,126.408231,
41,convergence,15,5,econome-6.nantes.grid5000.fr,,troll-2.grenoble.grid5000.fr,2021-01-24 18:21:05,2021-01-24 18:23:08,2021-01-24 18:23:53,123.372221,167.897411,
41,convergence,15,5,econome-6.nantes.grid5000.fr,,troll-3.grenoble.grid5000.fr,2021-01-24 18:21:05,2021-01-24 18:23:08,2021-01-24 18:23:54,123.372221,169.005036,
41,convergence,15,5,econome-6.nantes.grid5000.fr,,troll-4.grenoble.grid5000.fr,2021-01-24 18:21:05,2021-01-24 18:23:08,2021-01-24 18:23:51,123.372221,165.741186,
41,convergence,15,6,troll-3.grenoble.grid5000.fr,troll-2.grenoble.grid5000.fr,,2021-01-24 18:43:27,2021-01-24 18:44:35,2021-01-24 18:44:36,68.308554,69.017062,
41,convergence,15,6,troll-3.grenoble.grid5000.fr,troll-4.grenoble.grid5000.fr,,2021-01-24 18:43:27,2021-01-24 18:44:35,2021-01-24 18:44:36,68.308554,69.123781,
41,convergence,15,6,troll-3.grenoble.grid5000.fr,,econome-6.nantes.grid5000.fr,2021-01-24 18:43:27,2021-01-24 18:44:35,2021-01-24 18:46:26,68.308554,178.859712,
41,convergence,15,6,troll-3.grenoble.grid5000.fr,,econome-8.nantes.grid5000.fr,2021-01-24 18:43:27,2021-01-24 18:44:35,2021-01-24 18:46:25,68.308554,177.645966,
41,convergence,15,6,troll-3.grenoble.grid5000.fr,,econome-9.nantes.grid5000.fr,2021-01-24 18:43:27,2021-01-24 18:44:35,2021-01-24 18:46:24,68.308554,177.443163,
41,convergence,15,7,econome-9.nantes.grid5000.fr,econome-6.nantes.grid5000.fr,,2021-01-24 18:49:46,2021-01-24 18:50:51,2021-01-24 18:50:53,64.17964,66.593395,
41,convergence,15,7,econome-9.nantes.grid5000.fr,econome-8.nantes.grid5000.fr,,2021-01-24 18:49:46,2021-01-24 18:50:51,2021-01-24 18:50:51,64.17964,64.704211,
41,convergence,15,7,econome-9.nantes.grid5000.fr,,troll-2.grenoble.grid5000.fr,2021-01-24 18:49:46,2021-01-24 18:50:51,2021-01-24 18:51:17,64.17964,90.907692,
41,convergence,15,7,econome-9.nantes.grid5000.fr,,troll-3.grenoble.grid5000.fr,2021-01-24 18:49:46,2021-01-24 18:50:51,2021-01-24 18:51:17,64.17964,90.182902,
41,convergence,15,7,econome-9.nantes.grid5000.fr,,troll-4.grenoble.grid5000.fr,2021-01-24 18:49:46,2021-01-24 18:50:51,2021-01-24 18:51:19,64.17964,92.271527,
41,convergence,15,8,troll-2.grenoble.grid5000.fr,troll-3.grenoble.grid5000.fr,,2021-01-24 18:51:46,2021-01-24 18:52:42,2021-01-24 18:52:43,56.40695,56.760468,
41,convergence,15,8,troll-2.grenoble.grid5000.fr,troll-4.grenoble.grid5000.fr,,2021-01-24 18:51:46,2021-01-24 18:52:42,2021-01-24 18:52:44,56.40695,57.725437,
41,convergence,15,8,troll-2.grenoble.grid5000.fr,,econome-6.nantes.grid5000.fr,2021-01-24 18:51:46,2021-01-24 18:52:42,2021-01-24 18:56:47,56.40695,300.940736,
41,convergence,15,8,troll-2.grenoble.grid5000.fr,,econome-8.nantes.grid5000.fr,2021-01-24 18:51:46,2021-01-24 18:52:42,2021-01-24 18:56:45,56.40695,298.883701,
41,convergence,15,8,troll-2.grenoble.grid5000.fr,,econome-9.nantes.grid5000.fr,2021-01-24 18:51:46,2021-01-24 18:52:42,2021-01-24 18:56:43,56.40695,296.995423,
41,convergence,15,9,econome-8.nantes.grid5000.fr,econome-6.nantes.grid5000.fr,,2021-01-24 18:39:32,2021-01-24 18:40:28,2021-01-24 18:40:29,56.496536,57.253675,
41,convergence,15,9,econome-8.nantes.grid5000.fr,econome-9.nantes.grid5000.fr,,2021-01-24 18:39:32,2021-01-24 18:40:28,2021-01-24 18:40:29,56.496536,57.222139,
41,convergence,15,9,econome-8.nantes.grid5000.fr,,troll-2.grenoble.grid5000.fr,2021-01-24 18:39:32,2021-01-24 18:40:28,2021-01-24 18:40:38,56.496536,65.947593,
41,convergence,15,9,econome-8.nantes.grid5000.fr,,troll-3.grenoble.grid5000.fr,2021-01-24 18:39:32,2021-01-24 18:40:28,2021-01-24 18:40:39,56.496536,67.306604,
41,convergence,15,9,econome-8.nantes.grid5000.fr,,troll-4.grenoble.grid5000.fr,2021-01-24 18:39:32,2021-01-24 18:40:28,2021-01-24 18:40:38,56.496536,65.999523,
41,convergence,15,10,econome-8.nantes.grid5000.fr,econome-6.nantes.grid5000.fr,,2021-01-24 18:47:02,2021-01-24 18:49:07,2021-01-24 18:49:09,125.546588,127.060105,
41,convergence,15,10,econome-8.nantes.grid5000.fr,econome-9.nantes.grid5000.fr,,2021-01-24 18:47:02,2021-01-24 18:49:07,2021-01-24 18:49:08,125.546588,125.905113,
41,convergence,15,10,econome-8.nantes.grid5000.fr,,troll-2.grenoble.grid5000.fr,2021-01-24 18:47:02,2021-01-24 18:49:07,2021-01-24 18:49:16,125.546588,134.132215,
41,convergence,15,10,econome-8.nantes.grid5000.fr,,troll-3.grenoble.grid5000.fr,2021-01-24 18:47:02,2021-01-24 18:49:07,2021-01-24 18:49:17,125.546588,135.548026,
41,convergence,15,10,econome-8.nantes.grid5000.fr,,troll-4.grenoble.grid5000.fr,2021-01-24 18:47:02,2021-01-24 18:49:07,2021-01-24 18:49:19,125.546588,137.1771,
41,convergence,15,11,troll-4.grenoble.grid5000.fr,troll-2.grenoble.grid5000.fr,,2021-01-24 18:41:07,2021-01-24 18:42:06,2021-01-24 18:42:06,58.744554,59.132456,
41,convergence,15,11,troll-4.grenoble.grid5000.fr,troll-3.grenoble.grid5000.fr,,2021-01-24 18:41:07,2021-01-24 18:42:06,2021-01-24 18:42:08,58.744554,61.195822,
41,convergence,15,11,troll-4.grenoble.grid5000.fr,,econome-6.nantes.grid5000.fr,2021-01-24 18:41:07,2021-01-24 18:42:06,2021-01-24 18:42:41,58.744554,93.865787,
41,convergence,15,11,troll-4.grenoble.grid5000.fr,,econome-8.nantes.grid5000.fr,2021-01-24 18:41:07,2021-01-24 18:42:06,2021-01-24 18:42:41,58.744554,93.877296,
41,convergence,15,11,troll-4.grenoble.grid5000.fr,,econome-9.nantes.grid5000.fr,2021-01-24 18:41:07,2021-01-24 18:42:06,2021-01-24 18:42:43,58.744554,95.646803,
41,convergence,15,12,troll-3.grenoble.grid5000.fr,troll-2.grenoble.grid5000.fr,,2021-01-24 18:57:34,2021-01-24 18:58:26,2021-01-24 18:58:27,51.8184,52.879116,
41,convergence,15,12,troll-3.grenoble.grid5000.fr,troll-4.grenoble.grid5000.fr,,2021-01-24 18:57:34,2021-01-24 18:58:26,2021-01-24 18:58:28,51.8184,53.811596,
41,convergence,15,12,troll-3.grenoble.grid5000.fr,,econome-6.nantes.grid5000.fr,2021-01-24 18:57:34,2021-01-24 18:58:26,2021-01-24 19:01:05,51.8184,210.614871,
41,convergence,15,12,troll-3.grenoble.grid5000.fr,,econome-8.nantes.grid5000.fr,2021-01-24 18:57:34,2021-01-24 18:58:26,2021-01-24 19:01:04,51.8184,209.376266,
41,convergence,15,12,troll-3.grenoble.grid5000.fr,,econome-9.nantes.grid5000.fr,2021-01-24 18:57:34,2021-01-24 18:58:26,2021-01-24 19:01:06,51.8184,211.864878,
41,convergence,15,13,troll-2.grenoble.grid5000.fr,troll-3.grenoble.grid5000.fr,,2021-01-24 19:05:58,2021-01-24 19:06:53,2021-01-24 19:06:54,55.369294,55.920167,
41,convergence,15,13,troll-2.grenoble.grid5000.fr,troll-4.grenoble.grid5000.fr,,2021-01-24 19:05:58,2021-01-24 19:06:53,2021-01-24 19:06:56,55.369294,57.665572,
41,convergence,15,13,troll-2.grenoble.grid5000.fr,,econome-6.nantes.grid5000.fr,2021-01-24 19:05:58,2021-01-24 19:06:53,2021-01-24 19:09:53,55.369294,234.812766,
41,convergence,15,13,troll-2.grenoble.grid5000.fr,,econome-8.nantes.grid5000.fr,2021-01-24 19:05:58,2021-01-24 19:06:53,2021-01-24 19:09:50,55.369294,232.373797,
41,convergence,15,13,troll-2.grenoble.grid5000.fr,,econome-9.nantes.grid5000.fr,2021-01-24 19:05:58,2021-01-24 19:06:53,2021-01-24 19:09:51,55.369294,232.729377,
41,convergence,15,14,troll-4.grenoble.grid5000.fr,troll-2.grenoble.grid5000.fr,,2021-01-24 19:01:35,2021-01-24 19:02:36,2021-01-24 19:02:37,60.823116,61.774176,
41,convergence,15,14,troll-4.grenoble.grid5000.fr,troll-3.grenoble.grid5000.fr,,2021-01-24 19:01:35,2021-01-24 19:02:36,2021-01-24 19:02:37,60.823116,61.170622,
41,convergence,15,14,troll-4.grenoble.grid5000.fr,,econome-6.nantes.grid5000.fr,2021-01-24 19:01:35,2021-01-24 19:02:36,2021-01-24 19:05:33,60.823116,237.629905,
41,convergence,15,14,troll-4.grenoble.grid5000.fr,,econome-8.nantes.grid5000.fr,2021-01-24 19:01:35,2021-01-24 19:02:36,2021-01-24 19:05:31,60.823116,235.74157,
41,convergence,15,14,troll-4.grenoble.grid5000.fr,,econome-9.nantes.grid5000.fr,2021-01-24 19:01:35,2021-01-24 19:02:36,2021-01-24 19:05:30,60.823116,234.223054,
41,convergence,15,15,econome-9.nantes.grid5000.fr,econome-6.nantes.grid5000.fr,,2021-01-24 19:10:42,2021-01-24 19:11:37,2021-01-24 19:11:38,55.091453,55.600439,
41,convergence,15,15,econome-9.nantes.grid5000.fr,econome-8.nantes.grid5000.fr,,2021-01-24 19:10:42,2021-01-24 19:11:37,2021-01-24 19:11:39,55.091453,57.19651,
41,convergence,15,15,econome-9.nantes.grid5000.fr,,troll-2.grenoble.grid5000.fr,2021-01-24 19:10:42,2021-01-24 19:11:37,2021-01-24 19:13:27,55.091453,164.519611,
41,convergence,15,15,econome-9.nantes.grid5000.fr,,troll-3.grenoble.grid5000.fr,2021-01-24 19:10:42,2021-01-24 19:11:37,2021-01-24 19:13:29,55.091453,167.355859,
41,convergence,15,15,econome-9.nantes.grid5000.fr,,troll-4.grenoble.grid5000.fr,2021-01-24 19:10:42,2021-01-24 19:11:37,2021-01-24 19:13:28,55.091453,165.83863,
41,convergence,20,1,econome-6.nantes.grid5000.fr,econome-8.nantes.grid5000.fr,,2021-01-23 20:55:21,2021-01-23 20:56:15,2021-01-23 20:56:16,53.837402,55.001039,1.163637
41,convergence,20,1,econome-6.nantes.grid5000.fr,econome-9.nantes.grid5000.fr,,2021-01-23 20:55:21,2021-01-23 20:56:15,2021-01-23 20:56:15,53.837402,53.940816,0.103414
41,convergence,20,1,econome-6.nantes.grid5000.fr,,troll-2.grenoble.grid5000.fr,2021-01-23 20:55:21,2021-01-23 20:56:15,2021-01-23 21:00:20,53.837402,298.601803,244.764401
41,convergence,20,1,econome-6.nantes.grid5000.fr,,troll-3.grenoble.grid5000.fr,2021-01-23 20:55:21,2021-01-23 20:56:15,2021-01-23 21:00:18,53.837402,296.763499,242.926097
41,convergence,20,1,econome-6.nantes.grid5000.fr,,troll-4.grenoble.grid5000.fr,2021-01-23 20:55:21,2021-01-23 20:56:15,2021-01-23 21:00:15,53.837402,294.386618,240.549216
41,convergence,20,2,troll-4.grenoble.grid5000.fr,troll-2.grenoble.grid5000.fr,,2021-01-24 0:54:10,2021-01-24 0:55:18,2021-01-24 0:55:20,68.054532,70.256854,2.202322
41,convergence,20,2,troll-4.grenoble.grid5000.fr,troll-3.grenoble.grid5000.fr,,2021-01-24 0:54:10,2021-01-24 0:55:18,2021-01-24 0:55:19,68.054532,69.023144,0.968612
41,convergence,20,2,troll-4.grenoble.grid5000.fr,,econome-6.nantes.grid5000.fr,2021-01-24 0:54:10,2021-01-24 0:55:18,2021-01-24 0:55:40,68.054532,89.676718,21.622186
41,convergence,20,2,troll-4.grenoble.grid5000.fr,,econome-8.nantes.grid5000.fr,2021-01-24 0:54:10,2021-01-24 0:55:18,2021-01-24 0:55:40,68.054532,90.228589,22.174057
41,convergence,20,2,troll-4.grenoble.grid5000.fr,,econome-9.nantes.grid5000.fr,2021-01-24 0:54:10,2021-01-24 0:55:18,2021-01-24 0:55:40,68.054532,90.445426,22.390894
41,convergence,20,3,econome-6.nantes.grid5000.fr,econome-8.nantes.grid5000.fr,,2021-01-24 3:17:32,2021-01-24 3:19:10,2021-01-24 3:19:12,98.117602,99.901338,1.783736
41,convergence,20,3,econome-6.nantes.grid5000.fr,econome-9.nantes.grid5000.fr,,2021-01-24 3:17:32,2021-01-24 3:19:10,2021-01-24 3:19:10,98.117602,98.135152,0.01755
41,convergence,20,4,troll-2.grenoble.grid5000.fr,troll-3.grenoble.grid5000.fr,,2021-01-24 0:42:36,2021-01-24 0:43:46,2021-01-24 0:43:47,70.410748,70.971358,0.56061
41,convergence,20,4,troll-2.grenoble.grid5000.fr,troll-4.grenoble.grid5000.fr,,2021-01-24 0:42:36,2021-01-24 0:43:46,2021-01-24 0:43:48,70.410748,71.737666,1.326918
41,convergence,20,4,troll-2.grenoble.grid5000.fr,,econome-6.nantes.grid5000.fr,2021-01-24 0:42:36,2021-01-24 0:43:46,2021-01-24 0:44:31,70.410748,115.131105,44.720357
41,convergence,20,4,troll-2.grenoble.grid5000.fr,,econome-8.nantes.grid5000.fr,2021-01-24 0:42:36,2021-01-24 0:43:46,2021-01-24 0:44:33,70.410748,116.567188,46.15644
41,convergence,20,4,troll-2.grenoble.grid5000.fr,,econome-9.nantes.grid5000.fr,2021-01-24 0:42:36,2021-01-24 0:43:46,2021-01-24 0:44:33,70.410748,116.599612,46.188864
41,convergence,20,5,econome-6.nantes.grid5000.fr,econome-8.nantes.grid5000.fr,,2021-01-24 15:10:14,2021-01-24 15:11:53,2021-01-24 15:11:55,99.106858,101.742279,2.635421
41,convergence,20,5,econome-6.nantes.grid5000.fr,econome-9.nantes.grid5000.fr,,2021-01-24 15:10:14,2021-01-24 15:11:53,2021-01-24 15:11:54,99.106858,100.305136,1.198278
41,convergence,20,5,econome-6.nantes.grid5000.fr,,troll-2.grenoble.grid5000.fr,2021-01-24 15:10:14,2021-01-24 15:11:53,2021-01-24 15:12:16,99.106858,122.386963,23.280105
41,convergence,20,5,econome-6.nantes.grid5000.fr,,troll-3.grenoble.grid5000.fr,2021-01-24 15:10:14,2021-01-24 15:11:53,2021-01-24 15:12:14,99.106858,120.388557,21.281699
41,convergence,20,5,econome-6.nantes.grid5000.fr,,troll-4.grenoble.grid5000.fr,2021-01-24 15:10:14,2021-01-24 15:11:53,2021-01-24 15:12:15,99.106858,121.268128,22.16127
41,convergence,33,1,econome-6.nantes.grid5000.fr,econome-8.nantes.grid5000.fr,,2021-01-23 21:07:32,2021-01-23 21:09:09,2021-01-23 21:09:09,96.588585,96.593004,0.004419
41,convergence,33,1,econome-6.nantes.grid5000.fr,econome-9.nantes.grid5000.fr,,2021-01-23 21:07:32,2021-01-23 21:09:09,2021-01-23 21:09:09,96.588585,97.077366,0.488781
41,convergence,33,1,econome-6.nantes.grid5000.fr,,troll-2.grenoble.grid5000.fr,2021-01-23 21:07:32,2021-01-23 21:09:09,2021-01-23 21:10:49,96.588585,196.968517,100.379932
41,convergence,33,1,econome-6.nantes.grid5000.fr,,troll-3.grenoble.grid5000.fr,2021-01-23 21:07:32,2021-01-23 21:09:09,2021-01-23 21:10:47,96.588585,195.363088,98.774503
41,convergence,33,1,econome-6.nantes.grid5000.fr,,troll-4.grenoble.grid5000.fr,2021-01-23 21:07:32,2021-01-23 21:09:09,2021-01-23 21:10:46,96.588585,193.525034,96.936449
41,convergence,33,2,troll-4.grenoble.grid5000.fr,troll-2.grenoble.grid5000.fr,,2021-01-24 0:51:44,2021-01-24 0:53:03,2021-01-24 0:53:03,79.243294,79.715176,0.471882
41,convergence,33,2,troll-4.grenoble.grid5000.fr,troll-3.grenoble.grid5000.fr,,2021-01-24 0:51:44,2021-01-24 0:53:03,2021-01-24 0:53:03,79.243294,79.460105,0.216811
41,convergence,33,2,troll-4.grenoble.grid5000.fr,,econome-6.nantes.grid5000.fr,2021-01-24 0:51:44,2021-01-24 0:53:03,2021-01-24 0:53:24,79.243294,100.308381,21.065087
41,convergence,33,2,troll-4.grenoble.grid5000.fr,,econome-8.nantes.grid5000.fr,2021-01-24 0:51:44,2021-01-24 0:53:03,2021-01-24 0:53:22,79.243294,98.912126,19.668832
41,convergence,33,2,troll-4.grenoble.grid5000.fr,,econome-9.nantes.grid5000.fr,2021-01-24 0:51:44,2021-01-24 0:53:03,2021-01-24 0:53:22,79.243294,98.803738,19.560444
41,convergence,33,3,econome-6.nantes.grid5000.fr,econome-8.nantes.grid5000.fr,,2021-01-24 0:45:10,2021-01-24 0:46:01,2021-01-24 0:46:02,50.527848,52.217097,1.689249
41,convergence,33,3,econome-6.nantes.grid5000.fr,econome-9.nantes.grid5000.fr,,2021-01-24 0:45:10,2021-01-24 0:46:01,2021-01-24 0:46:02,50.527848,52.002513,1.474665
41,convergence,33,3,econome-6.nantes.grid5000.fr,,troll-2.grenoble.grid5000.fr,2021-01-24 0:45:10,2021-01-24 0:46:01,2021-01-24 0:46:23,50.527848,72.921997,22.394149
41,convergence,33,3,econome-6.nantes.grid5000.fr,,troll-3.grenoble.grid5000.fr,2021-01-24 0:45:10,2021-01-24 0:46:01,2021-01-24 0:46:24,50.527848,74.138785,23.610937
41,convergence,33,3,econome-6.nantes.grid5000.fr,,troll-4.grenoble.grid5000.fr,2021-01-24 0:45:10,2021-01-24 0:46:01,2021-01-24 0:46:23,50.527848,72.439194,21.911346
41,convergence,33,4,troll-3.grenoble.grid5000.fr,troll-2.grenoble.grid5000.fr,,2021-01-24 6:29:46,2021-01-24 6:31:27,2021-01-24 6:31:30,101.343758,103.56872,2.224962
41,convergence,33,4,troll-3.grenoble.grid5000.fr,troll-4.grenoble.grid5000.fr,,2021-01-24 6:29:46,2021-01-24 6:31:27,2021-01-24 6:31:28,101.343758,102.025615,0.681857
41,convergence,33,5,econome-9.nantes.grid5000.fr,econome-6.nantes.grid5000.fr,,2021-01-24 17:07:45,2021-01-24 17:16:19,2021-01-24 17:16:23,514.647199,517.989649,3.34245
41,convergence,33,5,econome-9.nantes.grid5000.fr,econome-8.nantes.grid5000.fr,,2021-01-24 17:07:45,2021-01-24 17:16:19,2021-01-24 17:16:21,514.647199,516.052944,1.405745
41,convergence,33,6,troll-2.grenoble.grid5000.fr,troll-3.grenoble.grid5000.fr,,2021-01-25 2:33:14,2021-01-25 2:34:37,2021-01-25 2:34:39,82.456466,84.555424,2.098958
41,convergence,33,6,troll-2.grenoble.grid5000.fr,troll-4.grenoble.grid5000.fr,,2021-01-25 2:33:14,2021-01-25 2:34:37,2021-01-25 2:34:37,82.456466,82.616853,0.160387
41,convergence,33,7,econome-6.nantes.grid5000.fr,econome-5.nantes.grid5000.fr,,2021-01-24 22:48:47,2021-01-24 22:48:56,2021-01-24 22:50:33,9.50238,106.088689,96.586309
41,convergence,33,7,econome-6.nantes.grid5000.fr,econome-8.nantes.grid5000.fr,,2021-01-24 22:48:47,2021-01-24 22:48:56,2021-01-24 22:50:34,9.50238,106.566836,97.064456
41,convergence,33,7,econome-6.nantes.grid5000.fr,,troll-2.grenoble.grid5000.fr,2021-01-24 22:48:47,2021-01-24 22:48:56,2021-01-24 22:53:04,9.50238,257.057701,247.555321
41,convergence,33,7,econome-6.nantes.grid5000.fr,,troll-3.grenoble.grid5000.fr,2021-01-24 22:48:47,2021-01-24 22:48:56,2021-01-24 22:53:08,9.50238,261.259608,251.757228
41,convergence,33,7,econome-6.nantes.grid5000.fr,,troll-4.grenoble.grid5000.fr,2021-01-24 22:48:47,2021-01-24 22:48:56,2021-01-24 22:53:07,9.50238,259.724325,250.221945
41,convergence,54,1,econome-9.nantes.grid5000.fr,econome-6.nantes.grid5000.fr,,2021-01-24 2:10:21,2021-01-24 2:11:42,2021-01-24 2:11:43,81.430526,82.469544,1.039018
41,convergence,54,1,econome-9.nantes.grid5000.fr,econome-8.nantes.grid5000.fr,,2021-01-24 2:10:21,2021-01-24 2:11:42,2021-01-24 2:11:42,81.430526,81.454241,0.023715
41,convergence,54,1,econome-9.nantes.grid5000.fr,,troll-2.grenoble.grid5000.fr,2021-01-24 2:10:21,2021-01-24 2:11:42,2021-01-24 2:11:57,81.430526,95.633522,14.202996
41,convergence,54,1,econome-9.nantes.grid5000.fr,,troll-3.grenoble.grid5000.fr,2021-01-24 2:10:21,2021-01-24 2:11:42,2021-01-24 2:11:58,81.430526,96.69661,15.266084
41,convergence,54,1,econome-9.nantes.grid5000.fr,,troll-4.grenoble.grid5000.fr,2021-01-24 2:10:21,2021-01-24 2:11:42,2021-01-24 2:11:59,81.430526,98.450237,17.019711
41,convergence,54,2,troll-4.grenoble.grid5000.fr,troll-2.grenoble.grid5000.fr,,2021-01-24 0:49:19,2021-01-24 0:50:16,2021-01-24 0:50:17,56.602624,57.628399,1.025775
41,convergence,54,2,troll-4.grenoble.grid5000.fr,troll-3.grenoble.grid5000.fr,,2021-01-24 0:49:19,2021-01-24 0:50:16,2021-01-24 0:50:16,56.602624,57.39975,0.797126
41,convergence,54,2,troll-4.grenoble.grid5000.fr,,econome-6.nantes.grid5000.fr,2021-01-24 0:49:19,2021-01-24 0:50:16,2021-01-24 0:51:04,56.602624,105.045646,48.443022
41,convergence,54,2,troll-4.grenoble.grid5000.fr,,econome-8.nantes.grid5000.fr,2021-01-24 0:49:19,2021-01-24 0:50:16,2021-01-24 0:51:02,56.602624,103.374815,46.772191
41,convergence,54,2,troll-4.grenoble.grid5000.fr,,econome-9.nantes.grid5000.fr,2021-01-24 0:49:19,2021-01-24 0:50:16,2021-01-24 0:51:01,56.602624,102.140657,45.538033
41,convergence,54,3,econome-6.nantes.grid5000.fr,econome-8.nantes.grid5000.fr,,2021-01-24 0:47:08,2021-01-24 0:48:12,2021-01-24 0:48:15,63.677602,66.312258,2.634656
41,convergence,54,3,econome-6.nantes.grid5000.fr,econome-9.nantes.grid5000.fr,,2021-01-24 0:47:08,2021-01-24 0:48:12,2021-01-24 0:48:14,63.677602,65.659821,1.982219
41,convergence,54,3,econome-6.nantes.grid5000.fr,,troll-2.grenoble.grid5000.fr,2021-01-24 0:47:08,2021-01-24 0:48:12,2021-01-24 0:48:26,63.677602,77.446607,13.769005
41,convergence,54,3,econome-6.nantes.grid5000.fr,,troll-3.grenoble.grid5000.fr,2021-01-24 0:47:08,2021-01-24 0:48:12,2021-01-24 0:48:28,63.677602,79.781782,16.10418
41,convergence,54,3,econome-6.nantes.grid5000.fr,,troll-4.grenoble.grid5000.fr,2021-01-24 0:47:08,2021-01-24 0:48:12,2021-01-24 0:48:29,63.677602,81.080529,17.402927
41,convergence,54,4,troll-3.grenoble.grid5000.fr,troll-2.grenoble.grid5000.fr,,2021-01-24 2:16:03,2021-01-24 2:17:01,2021-01-24 2:17:03,58.346666,59.894542,1.547876
41,convergence,54,4,troll-3.grenoble.grid5000.fr,troll-4.grenoble.grid5000.fr,,2021-01-24 2:16:03,2021-01-24 2:17:01,2021-01-24 2:17:04,58.346666,60.692139,2.345473
41,convergence,54,4,troll-3.grenoble.grid5000.fr,,econome-6.nantes.grid5000.fr,2021-01-24 2:16:03,2021-01-24 2:17:01,2021-01-24 2:18:27,58.346666,144.417413,86.070747
41,convergence,54,4,troll-3.grenoble.grid5000.fr,,econome-8.nantes.grid5000.fr,2021-01-24 2:16:03,2021-01-24 2:17:01,2021-01-24 2:18:25,58.346666,142.25936,83.912694
41,convergence,54,4,troll-3.grenoble.grid5000.fr,,econome-9.nantes.grid5000.fr,2021-01-24 2:16:03,2021-01-24 2:17:01,2021-01-24 2:18:26,58.346666,142.93814,84.591474
41,convergence,54,5,econome-9.nantes.grid5000.fr,econome-6.nantes.grid5000.fr,,2021-01-24 16:18:36,2021-01-24 16:20:08,2021-01-24 16:20:09,91.850848,92.366285,0.515437
41,convergence,54,5,econome-9.nantes.grid5000.fr,econome-8.nantes.grid5000.fr,,2021-01-24 16:18:36,2021-01-24 16:20:08,2021-01-24 16:20:08,91.850848,91.980418,0.12957
41,convergence,54,5,econome-9.nantes.grid5000.fr,,troll-2.grenoble.grid5000.fr,2021-01-24 16:18:36,2021-01-24 16:20:08,2021-01-24 16:20:12,91.850848,95.168052,3.317204
41,convergence,54,5,econome-9.nantes.grid5000.fr,,troll-3.grenoble.grid5000.fr,2021-01-24 16:18:36,2021-01-24 16:20:08,2021-01-24 16:20:12,91.850848,95.997403,4.146555
41,convergence,54,5,econome-9.nantes.grid5000.fr,,troll-4.grenoble.grid5000.fr,2021-01-24 16:18:36,2021-01-24 16:20:08,2021-01-24 16:20:12,91.850848,95.525321,3.674473
41,convergence,54,6,troll-2.grenoble.grid5000.fr,troll-3.grenoble.grid5000.fr,,2021-01-24 23:48:14,2021-01-24 23:49:13,2021-01-24 23:49:13,58.971228,59.460025,0.488797
41,convergence,54,6,troll-2.grenoble.grid5000.fr,troll-4.grenoble.grid5000.fr,,2021-01-24 23:48:14,2021-01-24 23:49:13,2021-01-24 23:49:15,58.971228,60.920812,1.949584
41,convergence,54,6,troll-2.grenoble.grid5000.fr,,econome-5.nantes.grid5000.fr,2021-01-24 23:48:14,2021-01-24 23:49:13,2021-01-24 23:50:08,58.971228,114.33835,55.367122
41,convergence,54,6,troll-2.grenoble.grid5000.fr,,econome-6.nantes.grid5000.fr,2021-01-24 23:48:14,2021-01-24 23:49:13,2021-01-24 23:50:07,58.971228,112.897844,53.926616
41,convergence,54,6,troll-2.grenoble.grid5000.fr,,econome-8.nantes.grid5000.fr,2021-01-24 23:48:14,2021-01-24 23:49:13,2021-01-24 23:50:06,58.971228,111.664617,52.693389
41,convergence,54,7,econome-6.nantes.grid5000.fr,econome-5.nantes.grid5000.fr,,2021-01-24 22:54:01,2021-01-24 22:54:53,2021-01-24 22:54:54,51.536827,52.748995,1.212168
41,convergence,54,7,econome-6.nantes.grid5000.fr,econome-8.nantes.grid5000.fr,,2021-01-24 22:54:01,2021-01-24 22:54:53,2021-01-24 22:54:53,51.536827,51.961251,0.424424
41,convergence,54,7,econome-6.nantes.grid5000.fr,,troll-2.grenoble.grid5000.fr,2021-01-24 22:54:01,2021-01-24 22:54:53,2021-01-24 22:55:14,51.536827,73.476821,21.939994
41,convergence,54,7,econome-6.nantes.grid5000.fr,,troll-3.grenoble.grid5000.fr,2021-01-24 22:54:01,2021-01-24 22:54:53,2021-01-24 22:55:16,51.536827,74.766611,23.229784
41,convergence,54,7,econome-6.nantes.grid5000.fr,,troll-4.grenoble.grid5000.fr,2021-01-24 22:54:01,2021-01-24 22:54:53,2021-01-24 22:55:17,51.536827,76.037663,24.500836
41,convergence,90,1,econome-6.nantes.grid5000.fr,econome-8.nantes.grid5000.fr,,2021-01-23 23:16:02,2021-01-23 23:16:56,2021-01-23 23:16:56,53.828661,54.273016,0.444355
41,convergence,90,1,econome-6.nantes.grid5000.fr,econome-9.nantes.grid5000.fr,,2021-01-23 23:16:02,2021-01-23 23:16:56,2021-01-23 23:16:56,53.828661,54.248352,0.419691
41,convergence,90,1,econome-6.nantes.grid5000.fr,,troll-2.grenoble.grid5000.fr,2021-01-23 23:16:02,2021-01-23 23:16:56,2021-01-23 23:19:13,53.828661,191.704155,137.875494
41,convergence,90,1,econome-6.nantes.grid5000.fr,,troll-3.grenoble.grid5000.fr,2021-01-23 23:16:02,2021-01-23 23:16:56,2021-01-23 23:19:15,53.828661,193.372332,139.543671
41,convergence,90,1,econome-6.nantes.grid5000.fr,,troll-4.grenoble.grid5000.fr,2021-01-23 23:16:02,2021-01-23 23:16:56,2021-01-23 23:19:12,53.828661,190.216669,136.388008
41,convergence,90,2,troll-3.grenoble.grid5000.fr,troll-2.grenoble.grid5000.fr,,2021-01-23 21:41:01,2021-01-23 21:43:54,2021-01-23 21:43:56,172.540995,174.721776,2.180781
41,convergence,90,2,troll-3.grenoble.grid5000.fr,troll-4.grenoble.grid5000.fr,,2021-01-23 21:41:01,2021-01-23 21:43:54,2021-01-23 21:43:54,172.540995,172.584851,0.043856
41,convergence,90,3,econome-6.nantes.grid5000.fr,econome-8.nantes.grid5000.fr,,2021-01-24 0:37:43,2021-01-24 0:38:53,2021-01-24 0:38:53,70.491506,70.670757,0.179251
41,convergence,90,3,econome-6.nantes.grid5000.fr,econome-9.nantes.grid5000.fr,,2021-01-24 0:37:43,2021-01-24 0:38:53,2021-01-24 0:38:54,70.491506,71.693477,1.201971
41,convergence,90,3,econome-6.nantes.grid5000.fr,,troll-2.grenoble.grid5000.fr,2021-01-24 0:37:43,2021-01-24 0:38:53,2021-01-24 0:39:10,70.491506,87.153118,16.661612
41,convergence,90,3,econome-6.nantes.grid5000.fr,,troll-3.grenoble.grid5000.fr,2021-01-24 0:37:43,2021-01-24 0:38:53,2021-01-24 0:39:09,70.491506,86.069178,15.577672
41,convergence,90,3,econome-6.nantes.grid5000.fr,,troll-4.grenoble.grid5000.fr,2021-01-24 0:37:43,2021-01-24 0:38:53,2021-01-24 0:39:11,70.491506,88.326589,17.835083
41,convergence,90,4,troll-3.grenoble.grid5000.fr,troll-2.grenoble.grid5000.fr,,2021-01-24 2:07:51,2021-01-24 2:08:48,2021-01-24 2:08:51,57.593415,59.839131,2.245716
41,convergence,90,4,troll-3.grenoble.grid5000.fr,troll-4.grenoble.grid5000.fr,,2021-01-24 2:07:51,2021-01-24 2:08:48,2021-01-24 2:08:49,57.593415,57.95977,0.366355
41,convergence,90,4,troll-3.grenoble.grid5000.fr,,econome-6.nantes.grid5000.fr,2021-01-24 2:07:51,2021-01-24 2:08:48,2021-01-24 2:09:32,57.593415,100.623078,43.029663
41,convergence,90,4,troll-3.grenoble.grid5000.fr,,econome-8.nantes.grid5000.fr,2021-01-24 2:07:51,2021-01-24 2:08:48,2021-01-24 2:09:30,57.593415,99.161775,41.56836
41,convergence,90,4,troll-3.grenoble.grid5000.fr,,econome-9.nantes.grid5000.fr,2021-01-24 2:07:51,2021-01-24 2:08:48,2021-01-24 2:09:34,57.593415,103.420983,45.827568
41,convergence,90,5,econome-6.nantes.grid5000.fr,econome-8.nantes.grid5000.fr,,2021-01-24 14:59:55,2021-01-24 15:05:09,2021-01-24 15:05:11,313.923016,316.069698,2.146682
41,convergence,90,5,econome-6.nantes.grid5000.fr,econome-9.nantes.grid5000.fr,,2021-01-24 14:59:55,2021-01-24 15:05:09,2021-01-24 15:05:09,313.923016,314.075235,0.152219
41,convergence,90,5,econome-6.nantes.grid5000.fr,,troll-2.grenoble.grid5000.fr,2021-01-24 14:59:55,2021-01-24 15:05:09,2021-01-24 15:05:20,313.923016,324.189135,10.266119
41,convergence,90,5,econome-6.nantes.grid5000.fr,,troll-3.grenoble.grid5000.fr,2021-01-24 14:59:55,2021-01-24 15:05:09,2021-01-24 15:05:18,313.923016,323.104387,9.181371
41,convergence,90,5,econome-6.nantes.grid5000.fr,,troll-4.grenoble.grid5000.fr,2021-01-24 14:59:55,2021-01-24 15:05:09,2021-01-24 15:05:17,313.923016,321.763979,7.840963
41,convergence,90,6,troll-2.grenoble.grid5000.fr,troll-3.grenoble.grid5000.fr,,2021-01-25 1:05:03,2021-01-25 1:07:42,2021-01-25 1:07:42,158.237975,158.316363,0.078388
41,convergence,90,6,troll-2.grenoble.grid5000.fr,troll-4.grenoble.grid5000.fr,,2021-01-25 1:05:03,2021-01-25 1:07:42,2021-01-25 1:07:44,158.237975,160.552487,2.314512
41,convergence,90,7,econome-8.nantes.grid5000.fr,econome-5.nantes.grid5000.fr,,2021-01-24 23:51:01,2021-01-24 23:57:40,2021-01-24 23:57:42,399.286229,401.055082,1.768853
41,convergence,90,7,econome-8.nantes.grid5000.fr,econome-6.nantes.grid5000.fr,,2021-01-24 23:51:01,2021-01-24 23:57:40,2021-01-24 23:57:44,399.286229,402.809194,3.522965
41,convergence,90,7,econome-8.nantes.grid5000.fr,,troll-2.grenoble.grid5000.fr,2021-01-24 23:51:01,2021-01-24 23:57:40,2021-01-24 23:57:44,399.286229,402.665218,3.378989
41,convergence,90,7,econome-8.nantes.grid5000.fr,,troll-3.grenoble.grid5000.fr,2021-01-24 23:51:01,2021-01-24 23:57:40,2021-01-24 23:57:42,399.286229,401.37033,2.084101
41,convergence,90,7,econome-8.nantes.grid5000.fr,,troll-4.grenoble.grid5000.fr,2021-01-24 23:51:01,2021-01-24 23:57:40,2021-01-24 23:57:42,399.286229,401.089887,1.803658
41,convergence,148,1,econome-9.nantes.grid5000.fr,econome-6.nantes.grid5000.fr,,2021-01-24 6:59:27,2021-01-24 7:02:13,2021-01-24 7:02:13,165.91128,166.401309,0.490029
41,convergence,148,1,econome-9.nantes.grid5000.fr,econome-8.nantes.grid5000.fr,,2021-01-24 6:59:27,2021-01-24 7:02:13,2021-01-24 7:02:13,165.91128,166.49847,0.58719
41,convergence,148,2,troll-4.grenoble.grid5000.fr,troll-2.grenoble.grid5000.fr,,2021-01-24 5:56:13,2021-01-24 5:56:23,2021-01-24 6:01:47,9.823026,334.528122,324.705096
41,convergence,148,2,troll-4.grenoble.grid5000.fr,troll-3.grenoble.grid5000.fr,,2021-01-24 5:56:13,2021-01-24 5:56:23,2021-01-24 6:01:47,9.823026,334.621982,324.798956
41,convergence,148,3,econome-6.nantes.grid5000.fr,econome-8.nantes.grid5000.fr,,2021-01-24 2:48:41,2021-01-24 2:49:47,2021-01-24 2:49:50,66.663212,69.221537,2.558325
41,convergence,148,3,econome-6.nantes.grid5000.fr,econome-9.nantes.grid5000.fr,,2021-01-24 2:48:41,2021-01-24 2:49:47,2021-01-24 2:49:48,66.663212,67.715096,1.051884
41,convergence,148,4,troll-3.grenoble.grid5000.fr,troll-2.grenoble.grid5000.fr,,2021-01-24 1:46:21,2021-01-24 1:49:10,2021-01-24 1:49:11,168.659277,169.127664,0.468387
41,convergence,148,4,troll-3.grenoble.grid5000.fr,troll-4.grenoble.grid5000.fr,,2021-01-24 1:46:21,2021-01-24 1:49:10,2021-01-24 1:49:13,168.659277,171.199897,2.54062
41,convergence,148,4,troll-3.grenoble.grid5000.fr,,econome-6.nantes.grid5000.fr,2021-01-24 1:46:21,2021-01-24 1:49:10,2021-01-24 2:06:59,168.659277,1238.101608,1069.442331
41,convergence,148,4,troll-3.grenoble.grid5000.fr,,econome-8.nantes.grid5000.fr,2021-01-24 1:46:21,2021-01-24 1:49:10,2021-01-24 2:06:59,168.659277,1237.364795,1068.705518
41,convergence,148,4,troll-3.grenoble.grid5000.fr,,econome-9.nantes.grid5000.fr,2021-01-24 1:46:21,2021-01-24 1:49:10,2021-01-24 2:07:01,168.659277,1239.149901,1070.490624
41,convergence,148,5,econome-6.nantes.grid5000.fr,econome-8.nantes.grid5000.fr,,2021-01-24 15:06:26,2021-01-24 15:09:10,2021-01-24 15:09:11,164.191175,165.323622,1.132447
41,convergence,148,5,econome-6.nantes.grid5000.fr,econome-9.nantes.grid5000.fr,,2021-01-24 15:06:26,2021-01-24 15:09:10,2021-01-24 15:09:11,164.191175,164.48556,0.294385
41,convergence,148,5,econome-6.nantes.grid5000.fr,,troll-2.grenoble.grid5000.fr,2021-01-24 15:06:26,2021-01-24 15:09:10,2021-01-24 15:09:16,164.191175,170.283952,6.092777
41,convergence,148,5,econome-6.nantes.grid5000.fr,,troll-3.grenoble.grid5000.fr,2021-01-24 15:06:26,2021-01-24 15:09:10,2021-01-24 15:09:14,164.191175,167.599651,3.408476
41,convergence,148,5,econome-6.nantes.grid5000.fr,,troll-4.grenoble.grid5000.fr,2021-01-24 15:06:26,2021-01-24 15:09:10,2021-01-24 15:09:15,164.191175,169.241912,5.050737
41,convergence,148,6,troll-2.grenoble.grid5000.fr,troll-3.grenoble.grid5000.fr,,2021-01-25 1:35:29,2021-01-25 1:36:42,2021-01-25 1:36:43,73.1787,74.288176,1.109476
41,convergence,148,6,troll-2.grenoble.grid5000.fr,troll-4.grenoble.grid5000.fr,,2021-01-25 1:35:29,2021-01-25 1:36:42,2021-01-25 1:36:44,73.1787,75.727553,2.548853
41,convergence,148,7,econome-9.nantes.grid5000.fr,econome-6.nantes.grid5000.fr,,2021-01-24 19:16:08,2021-01-24 19:17:01,2021-01-24 19:17:02,53.67693,54.241792,0.564862
41,convergence,148,7,econome-9.nantes.grid5000.fr,econome-8.nantes.grid5000.fr,,2021-01-24 19:16:08,2021-01-24 19:17:01,2021-01-24 19:17:03,53.67693,55.254877,1.577947
41,convergence,148,7,econome-9.nantes.grid5000.fr,,troll-2.grenoble.grid5000.fr,2021-01-24 19:16:08,2021-01-24 19:17:01,2021-01-24 19:19:14,53.67693,186.734699,133.057769
41,convergence,148,7,econome-9.nantes.grid5000.fr,,troll-3.grenoble.grid5000.fr,2021-01-24 19:16:08,2021-01-24 19:17:01,2021-01-24 19:19:16,53.67693,188.063961,134.387031
41,convergence,148,7,econome-9.nantes.grid5000.fr,,troll-4.grenoble.grid5000.fr,2021-01-24 19:16:08,2021-01-24 19:17:01,2021-01-24 19:19:18,53.67693,189.843664,136.166734
41,convergence,244,1,econome-6.nantes.grid5000.fr,econome-8.nantes.grid5000.fr,,2021-01-23 23:10:33,2021-01-23 23:11:39,2021-01-23 23:11:39,65.41024,65.533685,0.123445
41,convergence,244,1,econome-6.nantes.grid5000.fr,econome-9.nantes.grid5000.fr,,2021-01-23 23:10:33,2021-01-23 23:11:39,2021-01-23 23:11:39,65.41024,65.531907,0.121667
41,convergence,244,1,econome-6.nantes.grid5000.fr,,troll-2.grenoble.grid5000.fr,2021-01-23 23:10:33,2021-01-23 23:11:39,2021-01-23 23:15:15,65.41024,282.024022,216.613782
41,convergence,244,1,econome-6.nantes.grid5000.fr,,troll-3.grenoble.grid5000.fr,2021-01-23 23:10:33,2021-01-23 23:11:39,2021-01-23 23:15:18,65.41024,284.414885,219.004645
41,convergence,244,1,econome-6.nantes.grid5000.fr,,troll-4.grenoble.grid5000.fr,2021-01-23 23:10:33,2021-01-23 23:11:39,2021-01-23 23:15:20,65.41024,286.633878,221.223638
41,convergence,244,2,troll-3.grenoble.grid5000.fr,troll-2.grenoble.grid5000.fr,,2021-01-23 22:11:54,2021-01-23 22:13:00,2021-01-23 22:13:02,65.917465,68.163773,2.246308
41,convergence,244,2,troll-3.grenoble.grid5000.fr,troll-4.grenoble.grid5000.fr,,2021-01-23 22:11:54,2021-01-23 22:13:00,2021-01-23 22:13:00,65.917465,65.929451,0.011986
41,convergence,244,3,econome-6.nantes.grid5000.fr,econome-8.nantes.grid5000.fr,,2021-01-24 1:15:30,2021-01-24 1:16:22,2021-01-24 1:16:24,52.651166,54.709963,2.058797
41,convergence,244,3,econome-6.nantes.grid5000.fr,econome-9.nantes.grid5000.fr,,2021-01-24 1:15:30,2021-01-24 1:16:22,2021-01-24 1:16:23,52.651166,53.731606,1.08044
41,convergence,244,3,econome-6.nantes.grid5000.fr,,troll-2.grenoble.grid5000.fr,2021-01-24 1:15:30,2021-01-24 1:16:22,2021-01-24 1:16:41,52.651166,71.407279,18.756113
41,convergence,244,3,econome-6.nantes.grid5000.fr,,troll-3.grenoble.grid5000.fr,2021-01-24 1:15:30,2021-01-24 1:16:22,2021-01-24 1:16:39,52.651166,69.403953,16.752787
41,convergence,244,3,econome-6.nantes.grid5000.fr,,troll-4.grenoble.grid5000.fr,2021-01-24 1:15:30,2021-01-24 1:16:22,2021-01-24 1:16:40,52.651166,70.398103,17.746937
41,convergence,244,4,troll-2.grenoble.grid5000.fr,troll-3.grenoble.grid5000.fr,,2021-01-24 0:40:00,2021-01-24 0:41:29,2021-01-24 0:41:29,88.922358,88.997095,0.074737
41,convergence,244,4,troll-2.grenoble.grid5000.fr,troll-4.grenoble.grid5000.fr,,2021-01-24 0:40:00,2021-01-24 0:41:29,2021-01-24 0:41:31,88.922358,90.371597,1.449239
41,convergence,244,4,troll-2.grenoble.grid5000.fr,,econome-6.nantes.grid5000.fr,2021-01-24 0:40:00,2021-01-24 0:41:29,2021-01-24 0:41:49,88.922358,108.859912,19.937554
41,convergence,244,4,troll-2.grenoble.grid5000.fr,,econome-8.nantes.grid5000.fr,2021-01-24 0:40:00,2021-01-24 0:41:29,2021-01-24 0:41:49,88.922358,108.514292,19.591934
41,convergence,244,4,troll-2.grenoble.grid5000.fr,,econome-9.nantes.grid5000.fr,2021-01-24 0:40:00,2021-01-24 0:41:29,2021-01-24 0:41:49,88.922358,108.649426,19.727068
41,convergence,244,5,econome-9.nantes.grid5000.fr,econome-6.nantes.grid5000.fr,,2021-01-24 16:15:40,2021-01-24 16:17:34,2021-01-24 16:17:34,114.152851,114.172134,0.019283
41,convergence,244,5,econome-9.nantes.grid5000.fr,econome-8.nantes.grid5000.fr,,2021-01-24 16:15:40,2021-01-24 16:17:34,2021-01-24 16:17:35,114.152851,114.850732,0.697881
41,convergence,244,5,econome-9.nantes.grid5000.fr,,troll-2.grenoble.grid5000.fr,2021-01-24 16:15:40,2021-01-24 16:17:34,2021-01-24 16:17:38,114.152851,118.382443,4.229592
41,convergence,244,5,econome-9.nantes.grid5000.fr,,troll-3.grenoble.grid5000.fr,2021-01-24 16:15:40,2021-01-24 16:17:34,2021-01-24 16:17:40,114.152851,119.517724,5.364873
41,convergence,244,5,econome-9.nantes.grid5000.fr,,troll-4.grenoble.grid5000.fr,2021-01-24 16:15:40,2021-01-24 16:17:34,2021-01-24 16:17:37,114.152851,117.270786,3.117935
41,convergence,244,6,troll-2.grenoble.grid5000.fr,troll-3.grenoble.grid5000.fr,,2021-01-25 0:31:48,2021-01-25 0:37:25,2021-01-25 0:37:28,336.3568,339.268169,2.911369
41,convergence,244,6,troll-2.grenoble.grid5000.fr,troll-4.grenoble.grid5000.fr,,2021-01-25 0:31:48,2021-01-25 0:37:25,2021-01-25 0:37:26,336.3568,338.212095,1.855295
41,convergence,244,7,econome-8.nantes.grid5000.fr,econome-5.nantes.grid5000.fr,,2021-01-25 0:26:50,2021-01-25 0:27:55,2021-01-25 0:27:57,65.0557,66.620074,1.564374
41,convergence,244,7,econome-8.nantes.grid5000.fr,econome-6.nantes.grid5000.fr,,2021-01-25 0:26:50,2021-01-25 0:27:55,2021-01-25 0:27:56,65.0557,65.882161,0.826461
41,convergence,244,7,econome-8.nantes.grid5000.fr,,troll-2.grenoble.grid5000.fr,2021-01-25 0:26:50,2021-01-25 0:27:55,2021-01-25 0:29:12,65.0557,141.373525,76.317825
41,convergence,244,7,econome-8.nantes.grid5000.fr,,troll-3.grenoble.grid5000.fr,2021-01-25 0:26:50,2021-01-25 0:27:55,2021-01-25 0:29:11,65.0557,140.934188,75.878488
41,convergence,244,7,econome-8.nantes.grid5000.fr,,troll-4.grenoble.grid5000.fr,2021-01-25 0:26:50,2021-01-25 0:27:55,2021-01-25 0:29:14,65.0557,143.55446,78.49876
41,convergence,403,1,econome-6.nantes.grid5000.fr,econome-8.nantes.grid5000.fr,,2021-01-23 21:01:08,2021-01-23 21:02:09,2021-01-23 21:02:09,60.530676,61.084931,0.554255
41,convergence,403,1,econome-6.nantes.grid5000.fr,econome-9.nantes.grid5000.fr,,2021-01-23 21:01:08,2021-01-23 21:02:09,2021-01-23 21:02:10,60.530676,62.150449,1.619773
41,convergence,403,1,econome-6.nantes.grid5000.fr,,troll-2.grenoble.grid5000.fr,2021-01-23 21:01:08,2021-01-23 21:02:09,2021-01-23 21:04:29,60.530676,200.91418,140.383504
41,convergence,403,1,econome-6.nantes.grid5000.fr,,troll-3.grenoble.grid5000.fr,2021-01-23 21:01:08,2021-01-23 21:02:09,2021-01-23 21:04:25,60.530676,196.388544,135.857868
41,convergence,403,1,econome-6.nantes.grid5000.fr,,troll-4.grenoble.grid5000.fr,2021-01-23 21:01:08,2021-01-23 21:02:09,2021-01-23 21:04:27,60.530676,198.520094,137.989418
41,convergence,403,2,troll-3.grenoble.grid5000.fr,troll-2.grenoble.grid5000.fr,,2021-01-23 21:11:38,2021-01-23 21:12:38,2021-01-23 21:12:40,60.351983,62.317686,1.965703
41,convergence,403,2,troll-3.grenoble.grid5000.fr,troll-4.grenoble.grid5000.fr,,2021-01-23 21:11:38,2021-01-23 21:12:38,2021-01-23 21:12:40,60.351983,62.045579,1.693596
41,convergence,403,3,econome-5.nantes.grid5000.fr,econome-6.nantes.grid5000.fr,,2021-01-25 3:02:29,2021-01-25 3:04:17,2021-01-25 3:04:20,108.215847,111.019785,2.803938
41,convergence,403,3,econome-5.nantes.grid5000.fr,econome-8.nantes.grid5000.fr,,2021-01-25 3:02:29,2021-01-25 3:04:17,2021-01-25 3:04:19,108.215847,110.142568,1.926721
41,convergence,403,4,troll-3.grenoble.grid5000.fr,troll-2.grenoble.grid5000.fr,,2021-01-24 2:12:49,2021-01-24 2:13:46,2021-01-24 2:13:46,56.801775,57.216377,0.414602
41,convergence,403,4,troll-3.grenoble.grid5000.fr,troll-4.grenoble.grid5000.fr,,2021-01-24 2:12:49,2021-01-24 2:13:46,2021-01-24 2:13:46,56.801775,56.817581,0.015806
41,convergence,403,4,troll-3.grenoble.grid5000.fr,,econome-6.nantes.grid5000.fr,2021-01-24 2:12:49,2021-01-24 2:13:46,2021-01-24 2:15:27,56.801775,157.546816,100.745041
41,convergence,403,4,troll-3.grenoble.grid5000.fr,,econome-8.nantes.grid5000.fr,2021-01-24 2:12:49,2021-01-24 2:13:46,2021-01-24 2:15:27,56.801775,157.617521,100.815746
41,convergence,403,4,troll-3.grenoble.grid5000.fr,,econome-9.nantes.grid5000.fr,2021-01-24 2:12:49,2021-01-24 2:13:46,2021-01-24 2:15:27,56.801775,157.795631,100.993856
41,convergence,403,5,econome-9.nantes.grid5000.fr,econome-6.nantes.grid5000.fr,,2021-01-24 16:21:03,2021-01-24 16:24:37,2021-01-24 16:24:37,214.359084,214.723879,0.364795
41,convergence,403,5,econome-9.nantes.grid5000.fr,econome-8.nantes.grid5000.fr,,2021-01-24 16:21:03,2021-01-24 16:24:37,2021-01-24 16:24:37,214.359084,214.618513,0.259429
41,convergence,403,5,econome-9.nantes.grid5000.fr,,troll-2.grenoble.grid5000.fr,2021-01-24 16:21:03,2021-01-24 16:24:37,2021-01-24 16:24:44,214.359084,221.724121,7.365037
41,convergence,403,5,econome-9.nantes.grid5000.fr,,troll-3.grenoble.grid5000.fr,2021-01-24 16:21:03,2021-01-24 16:24:37,2021-01-24 16:24:43,214.359084,220.55838,6.199296
41,convergence,403,5,econome-9.nantes.grid5000.fr,,troll-4.grenoble.grid5000.fr,2021-01-24 16:21:03,2021-01-24 16:24:37,2021-01-24 16:24:42,214.359084,219.148241,4.789157
41,convergence,403,6,troll-4.grenoble.grid5000.fr,troll-2.grenoble.grid5000.fr,,2021-01-24 20:59:11,2021-01-24 21:00:11,2021-01-24 21:00:11,60.683618,60.719971,0.036353
41,convergence,403,6,troll-4.grenoble.grid5000.fr,troll-3.grenoble.grid5000.fr,,2021-01-24 20:59:11,2021-01-24 21:00:11,2021-01-24 21:00:11,60.683618,60.745564,0.061946
41,convergence,403,6,troll-4.grenoble.grid5000.fr,,econome-6.nantes.grid5000.fr,2021-01-24 20:59:11,2021-01-24 21:00:11,2021-01-24 21:01:02,60.683618,111.312053,50.628435
41,convergence,403,6,troll-4.grenoble.grid5000.fr,,econome-8.nantes.grid5000.fr,2021-01-24 20:59:11,2021-01-24 21:00:11,2021-01-24 21:01:05,60.683618,113.944487,53.260869
41,convergence,403,6,troll-4.grenoble.grid5000.fr,,econome-9.nantes.grid5000.fr,2021-01-24 20:59:11,2021-01-24 21:00:11,2021-01-24 21:01:03,60.683618,112.471974,51.788356
41,convergence,403,7,econome-6.nantes.grid5000.fr,econome-5.nantes.grid5000.fr,,2021-01-24 22:56:00,2021-01-24 22:57:14,2021-01-24 22:57:14,74.06385,74.705297,0.641447
41,convergence,403,7,econome-6.nantes.grid5000.fr,econome-8.nantes.grid5000.fr,,2021-01-24 22:56:00,2021-01-24 22:57:14,2021-01-24 22:57:16,74.06385,76.463942,2.400092
41,convergence,403,7,econome-6.nantes.grid5000.fr,,troll-2.grenoble.grid5000.fr,2021-01-24 22:56:00,2021-01-24 22:57:14,2021-01-24 22:57:25,74.06385,85.577939,11.514089
41,convergence,403,7,econome-6.nantes.grid5000.fr,,troll-3.grenoble.grid5000.fr,2021-01-24 22:56:00,2021-01-24 22:57:14,2021-01-24 22:57:26,74.06385,86.483292,12.419442
41,convergence,403,7,econome-6.nantes.grid5000.fr,,troll-4.grenoble.grid5000.fr,2021-01-24 22:56:00,2021-01-24 22:57:14,2021-01-24 22:57:27,74.06385,86.846978,12.783128
41,convergence,665,1,econome-6.nantes.grid5000.fr,econome-8.nantes.grid5000.fr,,2021-01-23 20:51:07,2021-01-23 20:52:46,2021-01-23 20:52:47,99.248031,100.149191,0.90116
41,convergence,665,1,econome-6.nantes.grid5000.fr,econome-9.nantes.grid5000.fr,,2021-01-23 20:51:07,2021-01-23 20:52:46,2021-01-23 20:52:49,99.248031,101.620395,2.372364
41,convergence,665,1,econome-6.nantes.grid5000.fr,,troll-2.grenoble.grid5000.fr,2021-01-23 20:51:07,2021-01-23 20:52:46,2021-01-23 20:54:30,99.248031,202.963986,103.715955
41,convergence,665,1,econome-6.nantes.grid5000.fr,,troll-3.grenoble.grid5000.fr,2021-01-23 20:51:07,2021-01-23 20:52:46,2021-01-23 20:54:33,99.248031,205.858776,106.610745
41,convergence,665,1,econome-6.nantes.grid5000.fr,,troll-4.grenoble.grid5000.fr,2021-01-23 20:51:07,2021-01-23 20:52:46,2021-01-23 20:54:31,99.248031,204.180727,104.932696
41,convergence,665,2,troll-4.grenoble.grid5000.fr,troll-2.grenoble.grid5000.fr,,2021-01-24 1:12:34,2021-01-24 1:14:11,2021-01-24 1:14:12,96.229627,97.838981,1.609354
41,convergence,665,2,troll-4.grenoble.grid5000.fr,troll-3.grenoble.grid5000.fr,,2021-01-24 1:12:34,2021-01-24 1:14:11,2021-01-24 1:14:12,96.229627,97.482256,1.252629
41,convergence,665,2,troll-4.grenoble.grid5000.fr,,econome-6.nantes.grid5000.fr,2021-01-24 1:12:34,2021-01-24 1:14:11,2021-01-24 1:14:34,96.229627,120.010118,23.780491
41,convergence,665,2,troll-4.grenoble.grid5000.fr,,econome-8.nantes.grid5000.fr,2021-01-24 1:12:34,2021-01-24 1:14:11,2021-01-24 1:14:33,96.229627,118.959217,22.72959
41,convergence,665,2,troll-4.grenoble.grid5000.fr,,econome-9.nantes.grid5000.fr,2021-01-24 1:12:34,2021-01-24 1:14:11,2021-01-24 1:14:32,96.229627,117.605268,21.375641
41,convergence,665,3,econome-5.nantes.grid5000.fr,econome-6.nantes.grid5000.fr,,2021-01-25 2:04:23,2021-01-25 2:05:17,2021-01-25 2:05:18,53.282505,54.883975,1.60147
41,convergence,665,3,econome-5.nantes.grid5000.fr,econome-8.nantes.grid5000.fr,,2021-01-25 2:04:23,2021-01-25 2:05:17,2021-01-25 2:05:18,53.282505,54.461189,1.178684
41,convergence,665,4,troll-3.grenoble.grid5000.fr,troll-2.grenoble.grid5000.fr,,2021-01-24 1:17:37,2021-01-24 1:18:34,2021-01-24 1:18:37,57.843838,60.429175,2.585337
41,convergence,665,4,troll-3.grenoble.grid5000.fr,troll-4.grenoble.grid5000.fr,,2021-01-24 1:17:37,2021-01-24 1:18:34,2021-01-24 1:18:36,57.843838,59.044653,1.200815
41,convergence,665,5,econome-9.nantes.grid5000.fr,econome-6.nantes.grid5000.fr,,2021-01-24 16:25:28,2021-01-24 16:29:22,2021-01-24 16:29:22,234.742273,234.752878,0.010605
41,convergence,665,5,econome-9.nantes.grid5000.fr,econome-8.nantes.grid5000.fr,,2021-01-24 16:25:28,2021-01-24 16:29:22,2021-01-24 16:29:23,234.742273,235.181391,0.439118
41,convergence,665,5,econome-9.nantes.grid5000.fr,,troll-2.grenoble.grid5000.fr,2021-01-24 16:25:28,2021-01-24 16:29:22,2021-01-24 16:29:37,234.742273,249.334125,14.591852
41,convergence,665,5,econome-9.nantes.grid5000.fr,,troll-3.grenoble.grid5000.fr,2021-01-24 16:25:28,2021-01-24 16:29:22,2021-01-24 16:29:38,234.742273,250.471707,15.729434
41,convergence,665,5,econome-9.nantes.grid5000.fr,,troll-4.grenoble.grid5000.fr,2021-01-24 16:25:28,2021-01-24 16:29:22,2021-01-24 16:29:36,234.742273,248.040703,13.29843
41,convergence,665,6,troll-3.grenoble.grid5000.fr,troll-2.grenoble.grid5000.fr,,2021-01-24 19:50:24,2021-01-24 19:52:11,2021-01-24 19:52:13,107.168033,108.586564,1.418531
41,convergence,665,6,troll-3.grenoble.grid5000.fr,troll-4.grenoble.grid5000.fr,,2021-01-24 19:50:24,2021-01-24 19:52:11,2021-01-24 19:52:13,107.168033,108.709123,1.54109
41,convergence,665,7,econome-8.nantes.grid5000.fr,econome-5.nantes.grid5000.fr,,2021-01-25 0:29:51,2021-01-25 0:30:50,2021-01-25 0:30:50,58.510931,58.729912,0.218981
41,convergence,665,7,econome-8.nantes.grid5000.fr,econome-6.nantes.grid5000.fr,,2021-01-25 0:29:51,2021-01-25 0:30:50,2021-01-25 0:30:52,58.510931,60.332888,1.821957
41,convergence,665,7,econome-8.nantes.grid5000.fr,,troll-2.grenoble.grid5000.fr,2021-01-25 0:29:51,2021-01-25 0:30:50,2021-01-25 0:31:03,58.510931,71.963155,13.452224
41,convergence,665,7,econome-8.nantes.grid5000.fr,,troll-3.grenoble.grid5000.fr,2021-01-25 0:29:51,2021-01-25 0:30:50,2021-01-25 0:31:04,58.510931,73.093181,14.58225
41,convergence,665,7,econome-8.nantes.grid5000.fr,,troll-4.grenoble.grid5000.fr,2021-01-25 0:29:51,2021-01-25 0:30:50,2021-01-25 0:31:02,58.510931,71.063126,12.552195
41,convergence,1000,1,econome-6.nantes.grid5000.fr,econome-8.nantes.grid5000.fr,,2021-01-23 20:47:14,2021-01-23 20:48:48,2021-01-23 20:48:48,93.805995,93.809843,0.003848
41,convergence,1000,1,econome-6.nantes.grid5000.fr,econome-9.nantes.grid5000.fr,,2021-01-23 20:47:14,2021-01-23 20:48:48,2021-01-23 20:48:51,93.805995,96.592837,2.786842
41,convergence,1000,1,econome-6.nantes.grid5000.fr,,troll-2.grenoble.grid5000.fr,2021-01-23 20:47:14,2021-01-23 20:48:48,2021-01-23 20:50:27,93.805995,192.84984,99.043845
41,convergence,1000,1,econome-6.nantes.grid5000.fr,,troll-3.grenoble.grid5000.fr,2021-01-23 20:47:14,2021-01-23 20:48:48,2021-01-23 20:50:29,93.805995,194.676376,100.870381
41,convergence,1000,1,econome-6.nantes.grid5000.fr,,troll-4.grenoble.grid5000.fr,2021-01-23 20:47:14,2021-01-23 20:48:48,2021-01-23 20:50:26,93.805995,191.366241,97.560246
41,convergence,1000,2,troll-3.grenoble.grid5000.fr,troll-2.grenoble.grid5000.fr,,2021-01-23 22:41:12,2021-01-23 22:42:47,2021-01-23 22:42:47,94.623266,95.419162,0.795896
41,convergence,1000,2,troll-3.grenoble.grid5000.fr,troll-4.grenoble.grid5000.fr,,2021-01-23 22:41:12,2021-01-23 22:42:47,2021-01-23 22:42:47,94.623266,95.13621,0.512944
41,convergence,1000,3,econome-8.nantes.grid5000.fr,econome-6.nantes.grid5000.fr,,2021-01-24 16:38:36,2021-01-24 16:39:42,2021-01-24 16:39:42,66.200799,66.219849,0.01905
41,convergence,1000,3,econome-8.nantes.grid5000.fr,econome-9.nantes.grid5000.fr,,2021-01-24 16:38:36,2021-01-24 16:39:42,2021-01-24 16:39:43,66.200799,67.050438,0.849639
41,convergence,1000,4,troll-3.grenoble.grid5000.fr,troll-2.grenoble.grid5000.fr,,2021-01-24 2:19:30,2021-01-24 2:20:47,2021-01-24 2:20:49,77.48805,79.094233,1.606183
41,convergence,1000,4,troll-3.grenoble.grid5000.fr,troll-4.grenoble.grid5000.fr,,2021-01-24 2:19:30,2021-01-24 2:20:47,2021-01-24 2:20:48,77.48805,77.783677,0.295627
41,convergence,1000,5,econome-6.nantes.grid5000.fr,econome-8.nantes.grid5000.fr,,2021-01-24 15:13:07,2021-01-24 15:14:16,2021-01-24 15:14:19,69.082147,71.786207,2.70406
41,convergence,1000,5,econome-6.nantes.grid5000.fr,econome-9.nantes.grid5000.fr,,2021-01-24 15:13:07,2021-01-24 15:14:16,2021-01-24 15:14:18,69.082147,70.834513,1.752366
41,convergence,1000,6,troll-2.grenoble.grid5000.fr,troll-3.grenoble.grid5000.fr,,2021-01-24 23:58:32,2021-01-24 23:59:07,2021-01-24 23:59:09,34.872865,36.522233,1.649368
41,convergence,1000,6,troll-2.grenoble.grid5000.fr,troll-4.grenoble.grid5000.fr,,2021-01-24 23:58:32,2021-01-24 23:59:07,2021-01-24 23:59:08,34.872865,35.536285,0.66342
41,convergence,1000,7,econome-9.nantes.grid5000.fr,econome-6.nantes.grid5000.fr,,2021-01-24 19:20:09,2021-01-24 19:22:05,2021-01-24 19:22:05,115.969181,116.701785,0.732604
41,convergence,1000,7,econome-9.nantes.grid5000.fr,econome-8.nantes.grid5000.fr,,2021-01-24 19:20:09,2021-01-24 19:22:05,2021-01-24 19:22:05,115.969181,116.66427,0.695089